Model,Target,MSE,R^2,Explained Variance,Max Error
LinearRegression,MesiAttivi,15.117247901191927,0.9349247814864362,0.93492532563294,36.616856353511935
GradientBoostingRegressor,MesiAttivi,2.692131171725957,0.9884111826827005,0.9884111960244957,38.699708609815524
AdaBoostRegressor,MesiAttivi,18.77499154940399,0.9191792920474999,0.9212640210433287,38.073687539531946
LinearRegression,UltimoReddito,218.26727302129555,0.9782879161866985,0.9782888415629161,73.08360462706634
GradientBoostingRegressor,UltimoReddito,11.337639563730779,0.9988721910662772,0.9988722237187032,67.25747545089797
AdaBoostRegressor,UltimoReddito,196.11443321359272,0.9804915645300787,0.9806647008415436,65.02755836405123
LinearRegression,MesiBEP,4.564051736852477,0.9079652656193863,0.9079669971341342,13.487133591382225
GradientBoostingRegressor,MesiBEP,0.3331997262881793,0.9932809814452774,0.9932817751135388,9.98494050581845
AdaBoostRegressor,MesiBEP,4.4057138721847835,0.9111581705550202,0.9393506982305961,7.6736267870579375
