Model,Target,MAE,MSE,R^2,Explained Variance,Max Error
LinearRegression,MesiAttivi,0.0038628915265466746,0.0010247218993607496,0.9999848205444698,0.9999848207347231,0.9972402567328675
GradientBoostingRegressor,MesiAttivi,0.002261970572461364,0.00022066156476020565,0.9999967312863992,0.9999967313401087,0.8652880636082276
AdaBoostRegressor,MesiAttivi,0.4576093387935031,0.3517906215409424,0.9947888396852355,0.995148479738494,2.443340306834031
LinearRegression,UltimoReddito,0.3811070855814232,0.42240008817970925,0.9997066629616469,0.9997066631046763,45.89896083605393
GradientBoostingRegressor,UltimoReddito,0.30042545950724314,0.3987138708302078,0.9997231119280215,0.9997231121101546,47.66752343155219
AdaBoostRegressor,UltimoReddito,4.470969404891076,28.562215179670535,0.9801648819589199,0.9803025215884823,43.79828308381371
LinearRegression,MesiBEP,0.00385471641966459,0.0010247376728216046,0.9999848148841147,0.9999848150726673,0.9976971216494519
GradientBoostingRegressor,MesiBEP,0.0025777326201297476,0.00023628932178002769,0.9999964985373049,0.9999964985965111,0.913148480253394
AdaBoostRegressor,MesiBEP,0.5220163440309279,0.4128217351159037,0.9938825847297654,0.994121185908648,1.8908636897767366
