Model,Target,MAE,MSE,R^2,Explained Variance,Max Error
LinearRegression,MesiAttivi,2.624741373971798,15.117247901191927,0.9349247814864362,0.93492532563294,36.616856353511935
GradientBoostingRegressor,MesiAttivi,1.0139964132405324,2.6921236368386174,0.9884112151181307,0.9884112285586487,38.69970860981552
AdaBoostRegressor,MesiAttivi,3.8384175269553964,20.255847842276115,0.9128046498192514,0.9165216203878425,36.3494497432135
LinearRegression,UltimoReddito,10.595166810915769,218.26727302129555,0.9782879161866985,0.9782888415629161,73.08360462706634
GradientBoostingRegressor,UltimoReddito,1.630118277788222,11.39613292419436,0.9988663724534943,0.9988664022927921,67.25747545089769
AdaBoostRegressor,UltimoReddito,11.796858727754838,197.18289947526202,0.9803852791089803,0.980538821577664,67.82807200626144
LinearRegression,MesiBEP,1.3712222042481705,4.564051736852477,0.9079652656193863,0.9079669971341342,13.487133591382225
GradientBoostingRegressor,MesiBEP,0.315257610544544,0.33321322599943043,0.9932807092217333,0.9932815035827042,9.984940505818471
AdaBoostRegressor,MesiBEP,1.874873960329875,4.820866276816624,0.9027865649092625,0.9346085955099258,8.383727272727274
