Model,Target,MAE,MSE,R^2,Explained Variance,Max Error
LinearRegression,MesiAttivi,0.0038628915265466746,0.0010247218993607496,0.9999848205444698,0.9999848207347231,0.9972402567328675
GradientBoostingRegressor,MesiAttivi,0.0022623720906592214,0.00022085394025080372,0.9999967284366941,0.9999967284896897,0.8652880636082099
AdaBoostRegressor,MesiAttivi,0.5181256216495412,0.4103702520771901,0.9939210853245112,0.9943497572617466,3.8670070790298254
LinearRegression,UltimoReddito,0.3811070855814232,0.42240008817970925,0.9997066629616469,0.9997066631046763,45.89896083605393
GradientBoostingRegressor,UltimoReddito,0.30042545950725197,0.3987138708302094,0.9997231119280215,0.9997231121101546,47.66752343155229
AdaBoostRegressor,UltimoReddito,3.8729565138922846,22.59995955886313,0.9843053886838319,0.9845672374928279,43.93142467620995
LinearRegression,MesiBEP,0.00385471641966459,0.0010247376728216046,0.9999848148841147,0.9999848150726673,0.9976971216494519
GradientBoostingRegressor,MesiBEP,0.0025772248919117215,0.00023620168071834357,0.9999964998360175,0.9999964998961787,0.9131484802534153
AdaBoostRegressor,MesiBEP,0.5693756352049708,0.5581632213159272,0.9917288361466657,0.9925437650865154,2.456950672645739
