Model,Target,MAE,MSE,R^2,Explained Variance,Max Error
LinearRegression,MesiAttivi,2.624741373971798,15.117247901191927,0.9349247814864362,0.93492532563294,36.616856353511935
GradientBoostingRegressor,MesiAttivi,1.0139964132405306,2.6921236368386112,0.9884112151181308,0.9884112285586488,38.69970860981557
AdaBoostRegressor,MesiAttivi,3.786050344266286,20.493002567079067,0.9117837698522794,0.914962374833506,35.96811271783463
LinearRegression,UltimoReddito,10.595166810915769,218.26727302129555,0.9782879161866985,0.9782888415629161,73.08360462706634
GradientBoostingRegressor,UltimoReddito,1.629016391263601,11.320966758569233,0.9988738495895091,0.9988738833463837,67.25747545089786
AdaBoostRegressor,UltimoReddito,10.947453261899698,180.6562517565837,0.9820292633648603,0.9821588184092872,64.89023622948008
LinearRegression,MesiBEP,1.3712222042481705,4.564051736852477,0.9079652656193863,0.9079669971341342,13.487133591382225
GradientBoostingRegressor,MesiBEP,0.3152576105445459,0.3332132259994307,0.9932807092217333,0.9932815035827042,9.984940505818404
AdaBoostRegressor,MesiBEP,1.7178609162030103,4.1925448387682325,0.9154567535904076,0.9352067498233437,8.683639353247464
